Dia,CAMPANHA,Produto/Anúncio,PUBLICO,Impressões do anúncio,Cliques,Custo,Cadastros de Conta Corrente,Conversões,Receita,CTR (Click Through Rate),Taxa de Conversão de Cliques (H) para Conversões (K),CPC (Custo por Clique),CPA (Custo por Aquisição/Conversão),ROI como Índice (ROAS),ROI (Retorno sobre Investimento),CANAL_ORIGEM
2022-09-02 00:00:00,CONVERSAO,Empréstimo,HOT,47060,280,968.4000000000001,0.0,1,13459.5,0.005949851253718657,0.0035714285714285713,3.458571428571429,968.4000000000001,13.898698884758362,12.898698884758364,METAADS
2022-09-03 00:00:00,Institucional,Empréstimo,COLD,450,70,109.5,,1,14955.0,0.15555555555555556,1.0,1.5642857142857143,109.5,136.57534246575344,135.57534246575344,GOOGLE ADS
2022-09-05 00:00:00,CONVERSAO,Empréstimo,HOT,6320,60,295.3,0.0,1,14955.0,0.00949367088607595,0.016666666666666666,4.921666666666667,295.3,0.04063664070436844,-0.9593633592956315,METAADS
2022-09-07 00:00:00,REMARKETING,Empréstimo,HOT,42210,440,980.9000000000001,0.0,1,13459.5,0.010424070125562663,0.0022727272727272726,2.229318181818182,980.9000000000001,13.721582220409827,12.721582220409827,METAADS
2022-09-10 00:00:00,Institucional,Empréstimo,COLD,450,90,131.0,,1,14955.0,0.2,1.0,1.4555555555555555,131.0,114.16030534351145,113.16030534351145,GOOGLE ADS
2022-09-10 00:00:00,REMARKETING,Empréstimo,HOT,31770,270,1020.1999999999999,0.0,1,13459.5,0.0084985835694051,0.003703703703703704,3.7785185185185184,1020.1999999999999,13.193001372279946,12.193001372279944,METAADS
2022-09-10 00:00:00,CONVERSAO,Empréstimo,HOT,4770,60,305.1,0.0,1,13459.5,0.012578616352201259,0.016666666666666666,5.085,305.1,44.11504424778761,43.11504424778761,METAADS
2022-09-11 00:00:00,Institucional,Empréstimo,COLD,550,90,120.0,,1,14955.0,0.16363636363636364,1.0,1.3333333333333333,120.0,124.625,123.625,GOOGLE ADS
2022-09-11 00:00:00,REMARKETING,Empréstimo,COLD,58280,280,1592.3,0.0,1,13459.5,0.004804392587508579,0.0035714285714285713,5.6867857142857146,1592.3,8.452866922062425,7.452866922062426,METAADS
2022-09-11 00:00:00,CONVERSAO,Empréstimo,HOT,6250,60,327.8,0.0,1,13459.5,0.0096,0.016666666666666666,5.463333333333334,327.8,41.0600976205003,40.06009762050031,METAADS
2022-09-13 00:00:00,Institucional,Empréstimo,COLD,1150,80,71.2,,1,14955.0,0.06956521739130435,1.0,0.89,71.2,210.04213483146066,209.04213483146066,GOOGLE ADS
2022-09-20 00:00:00,REMARKETING,Empréstimo,COLD,103860,730,2023.1999999999998,0.0,1,13459.5,0.007028692470633545,0.0013698630136986301,2.771506849315068,2023.1999999999998,6.652580071174378,5.652580071174377,METAADS
2022-09-22 00:00:00,Conversão,Empréstimo,COLD,8230,340,1278.1,,1,14955.0,0.041312272174969626,1.0,3.7591176470588232,1278.1,11.70096236601205,10.70096236601205,GOOGLE ADS
2022-09-23 00:00:00,CONVERSAO,Empréstimo,HOT,55490,350,1559.4,0.0,1,13459.5,0.006307442782483331,0.002857142857142857,4.4554285714285715,1559.4,8.63120430934975,7.63120430934975,METAADS
2022-09-23 00:00:00,REMARKETING,Empréstimo,COLD,92880,570,1908.8999999999999,0.0,1,13459.5,0.006136950904392765,0.0017543859649122807,3.3489473684210522,1908.8999999999999,7.050919377652051,6.050919377652051,METAADS
2022-09-24 00:00:00,REMARKETING,Empréstimo,COLD,84930,540,2082.6,0.0,1,13459.5,0.006358177322500883,0.001851851851851852,3.8566666666666665,2082.6,6.462834917891098,5.462834917891097,METAADS
2022-09-25 00:00:00,Institucional,Empréstimo,COLD,540,90,169.20000000000002,,1,14955.0,0.16666666666666666,1.0,1.8800000000000001,169.20000000000002,88.38652482269502,87.38652482269502,GOOGLE ADS
2022-09-26 00:00:00,Institucional,Empréstimo,COLD,1340,260,428.40000000000003,,1,14955.0,0.19402985074626866,1.0,1.6476923076923078,428.40000000000003,34.90896358543417,33.90896358543417,GOOGLE ADS
2022-09-26 00:00:00,CONVERSAO,Empréstimo,HOT,63450,340,1649.9,0.0,1,13459.5,0.005358550039401103,0.0029411764705882353,4.852647058823529,1649.9,8.157767137402267,7.157767137402266,METAADS
2022-09-26 00:00:00,REMARKETING,Empréstimo,COLD,110290,470,2046.5,0.0,1,13459.5,0.004261492429050684,0.002127659574468085,4.354255319148936,2046.5,6.576838504764232,5.576838504764232,METAADS
2022-09-26 00:00:00,CONVERSAO,Empréstimo,HOT,9790,60,554.4,0.0,1,13459.5,0.006128702757916241,0.016666666666666666,9.24,554.4,24.277597402597404,23.277597402597404,METAADS
2022-09-28 00:00:00,Institucional,Empréstimo,COLD,1440,290,491.0,,1,14955.0,0.2013888888888889,1.0,1.693103448275862,491.0,30.45824847250509,29.45824847250509,GOOGLE ADS
2022-09-28 00:00:00,CONVERSAO,Empréstimo,HOT,8190,60,495.79999999999995,0.0,1,13459.5,0.007326007326007326,0.016666666666666666,8.263333333333332,495.79999999999995,27.14703509479629,26.147035094796294,METAADS
2022-09-29 00:00:00,CONVERSAO,Empréstimo,HOT,59390,310,1576.3999999999999,0.0,1,12112.050000000001,0.0052197339619464555,0.0032258064516129032,5.0851612903225805,1576.3999999999999,7.683360822126366,6.683360822126366,METAADS
2022-09-30 00:00:00,CONVERSAO,Empréstimo,HOT,62740,170,1522.4,0.0,1,12112.050000000001,0.0027095951546063117,0.0058823529411764705,8.955294117647059,1522.4,7.955892012611666,6.955892012611666,METAADS
2022-09-30 00:00:00,REMARKETING,Empréstimo,COLD,70460,280,1920.6999999999998,0.0,1,13459.5,0.003973885892705081,0.0035714285714285713,6.859642857142856,1920.6999999999998,7.007601395324622,6.007601395324621,METAADS
2022-10-03 00:00:00,CONVERSAO,Empréstimo,HOT,100110,280,1653.3000000000002,0.0,1,12112.050000000001,0.002796923384277295,0.0035714285714285713,5.904642857142858,1653.3000000000002,7.32598439484667,6.325984394846669,METAADS
2022-10-03 00:00:00,REMARKETING,Empréstimo,COLD,119660,420,2058.2,0.0,1,13459.5,0.0035099448437238842,0.002380952380952381,4.90047619047619,2058.2,6.539451948304344,5.539451948304344,METAADS
2022-10-04 00:00:00,Conversão,Empréstimo,COLD,5110,110,402.40000000000003,,1,14955.0,0.021526418786692758,1.0,3.6581818181818186,402.40000000000003,37.16451292246521,36.16451292246521,GOOGLE ADS
2022-10-05 00:00:00,CONVERSAO,Empréstimo,HOT,127400,510,2739.0,0.0,1,13459.5,0.004003139717425432,0.00196078431372549,5.370588235294117,2739.0,4.914019715224534,3.9140197152245344,METAADS
2022-10-06 00:00:00,CONVERSAO,Empréstimo,HOT,15690,120,990.1,0.0,1,13459.5,0.0076481835564053535,0.008333333333333333,8.250833333333334,990.1,13.594081405918594,12.594081405918594,METAADS
2022-10-08 00:00:00,Institucional,Empréstimo,COLD,670,70,90.8,,1,14955.0,0.1044776119402985,1.0,1.2971428571428572,90.8,164.70264317180616,163.7026431718062,GOOGLE ADS
2022-10-14 00:00:00,REMARKETING,Empréstimo,HOT,83640,250,1953.8999999999999,0.0,1,20217.0,0.0029890004782400764,0.004,7.8156,1953.8999999999999,10.346998311070168,9.346998311070168,METAADS
2022-10-14 00:00:00,REMARKETING,Empréstimo,COLD,94110,390,2436.6,0.0,1,18189.9,0.004144086707044948,0.002564102564102564,6.247692307692308,2436.6,7.465279487810885,6.465279487810885,METAADS
2022-10-14 00:00:00,CONVERSAO,Empréstimo,HOT,11860,70,585.1,0.0,1,20217.0,0.005902192242833052,0.014285714285714285,8.358571428571429,585.1,34.55306785164929,33.55306785164929,METAADS
2022-10-21 00:00:00,CONVERSAO,Empréstimo,HOT,83290,310,1938.1,0.0,1,20217.0,0.003721935406411334,0.0032258064516129032,6.251935483870968,1938.1,10.431350291522627,9.431350291522627,METAADS
2022-10-23 00:00:00,CONVERSAO,Empréstimo,HOT,13880,40,649.4,0.0,1,12.0,0.002881844380403458,0.025,16.235,649.4,0.018478595626732368,-0.9815214043732676,METAADS
2022-10-24 00:00:00,Institucional,Empréstimo,COLD,1690,230,300.0,,1,14955.0,0.13609467455621302,1.0,1.3043478260869565,300.0,49.85,48.85,GOOGLE ADS
2022-10-24 00:00:00,CONVERSAO,Empréstimo,HOT,12720,40,628.5,0.0,1,20217.0,0.0031446540880503146,0.025,15.7125,628.5,32.16706443914081,31.167064439140812,METAADS
2022-10-25 00:00:00,REMARKETING,Empréstimo,COLD,109560,300,2478.8999999999996,0.0,1,20217.0,0.002738225629791895,0.0033333333333333335,8.262999999999998,2478.8999999999996,8.155633547137844,7.155633547137844,METAADS
2022-11-01 00:00:00,CONVERSAO,Empréstimo,COLD,43570,40,504.7,0.0,1,18193.800000000003,0.0009180628873077806,0.025,12.6175,504.7,36.04874182682782,35.04874182682782,METAADS
2022-11-03 00:00:00,CONVERSAO,Empréstimo,HOT,20970,100,944.9,0.0,1,18193.95,0.004768717215069146,0.01,9.449,944.9,19.254894697851626,18.254894697851626,METAADS
2022-11-04 00:00:00,Institucional,Empréstimo,COLD,1080,190,295.5,,1,18180.0,0.17592592592592593,1.0,1.555263157894737,295.5,61.52284263959391,60.52284263959391,GOOGLE ADS
2022-11-04 00:00:00,CONVERSAO,Empréstimo,COLD,44680,170,998.8,0.0,1,20217.0,0.0038048343777976725,0.0058823529411764705,5.875294117647059,998.8,20.24128954745695,19.24128954745695,METAADS
2022-11-04 00:00:00,CONVERSAO,Empréstimo,COLD,46480,150,964.5999999999999,0.0,1,20217.0,0.003227194492254733,0.006666666666666667,6.430666666666666,964.5999999999999,20.958946713663696,19.9589467136637,METAADS
2022-11-05 00:00:00,Institucional,Empréstimo,COLD,830,150,182.2,,1,14955.0,0.18072289156626506,1.0,1.2146666666666666,182.2,82.0801317233809,81.0801317233809,GOOGLE ADS
2022-11-05 00:00:00,CONVERSAO,Empréstimo,COLD,39990,190,994.2,0.0,1,20217.0,0.004751187796949237,0.005263157894736842,5.232631578947369,994.2,20.33494266747133,19.33494266747133,METAADS
2022-11-07 00:00:00,Conversão,Empréstimo,COLD,3730,190,773.9,,1,14955.0,0.05093833780160858,1.0,4.073157894736842,773.9,19.324202093293707,18.324202093293707,GOOGLE ADS
2022-11-08 00:00:00,CONVERSAO,Empréstimo,COLD,32400,220,979.0,0.0,1,18189.75,0.006790123456790123,0.004545454545454545,4.45,979.0,18.579928498467826,17.579928498467826,METAADS
2022-11-08 00:00:00,CONVERSAO,Empréstimo,COLD,21050,80,496.4,0.0,1,20217.0,0.003800475059382423,0.0125,6.205,496.4,40.72723609991942,39.727236099919416,METAADS
2022-11-08 00:00:00,CONVERSAO,Empréstimo,HOT,15400,90,980.5,0.0,1,18189.75,0.005844155844155844,0.011111111111111112,10.894444444444444,980.5,18.5515043345232,17.5515043345232,METAADS
2022-11-10 00:00:00,CONVERSAO,Empréstimo,COLD,49380,210,1094.4,0.0,1,18189.75,0.00425273390036452,0.004761904761904762,5.211428571428572,1094.4,16.620751096491226,15.620751096491226,METAADS
2022-11-11 00:00:00,Institucional,Empréstimo,COLD,1230,160,185.7,,1,18180.0,0.13008130081300814,1.0,1.160625,185.7,97.89983844911147,96.89983844911147,GOOGLE ADS
2022-11-11 00:00:00,CONVERSAO,Empréstimo,COLD,11730,260,377.59999999999997,0.0,1,18189.75,0.02216538789428815,0.0038461538461538464,1.452307692307692,377.59999999999997,48.17200741525424,47.17200741525424,METAADS
2022-11-11 00:00:00,CONVERSAO,Empréstimo,COLD,53890,350,1515.6,0.0,1,18189.75,0.006494711449248469,0.002857142857142857,4.330285714285714,1515.6,12.001682501979415,11.001682501979415,METAADS
2022-11-12 00:00:00,CONVERSAO,Empréstimo,COLD,14750,210,466.5,0.0,1,18189.75,0.01423728813559322,0.004761904761904762,2.2214285714285715,466.5,38.991961414791,37.991961414791,METAADS
2022-11-12 00:00:00,CONVERSAO,Empréstimo,COLD,48590,420,1636.9,0.0,1,18189.75,0.008643753858818687,0.002380952380952381,3.8973809523809524,1636.9,11.112315963100983,10.112315963100983,METAADS
2022-11-13 00:00:00,CONVERSAO,Empréstimo,HOT,23610,90,1690.3,0.0,1,18189.75,0.0038119440914866584,0.011111111111111112,18.78111111111111,1690.3,10.761255398449979,9.76125539844998,METAADS
2022-11-14 00:00:00,Institucional,Empréstimo,COLD,910,130,122.5,,1,14955.0,0.14285714285714285,1.0,0.9423076923076923,122.5,122.08163265306122,121.08163265306122,GOOGLE ADS
2022-11-14 00:00:00,CONVERSAO,Empréstimo,COLD,60490,370,1452.8999999999999,0.0,1,18190.050000000003,0.006116713506364688,0.002702702702702703,3.9267567567567565,1452.8999999999999,12.519822424117287,11.519822424117285,METAADS
2022-11-15 00:00:00,CONVERSAO,Empréstimo,COLD,40630,230,782.5,0.0,1,18189.75,0.005660841742554762,0.004347826086956522,3.402173913043478,782.5,23.245686900958468,22.245686900958468,METAADS
2022-11-15 00:00:00,CONVERSAO,Empréstimo,COLD,54760,320,1569.8,0.0,1,18189.75,0.005843681519357195,0.003125,4.905625,1569.8,11.587304115173907,10.58730411517391,METAADS
2022-11-16 00:00:00,CONVERSAO,Empréstimo,COLD,50890,200,1178.5,0.0,1,18189.75,0.003930045195519749,0.005,5.8925,1178.5,15.434662706830718,14.434662706830718,METAADS
2022-11-16 00:00:00,CONVERSAO,Empréstimo,COLD,36400,280,1182.2,0.0,1,18189.75,0.007692307692307693,0.0035714285714285713,4.222142857142857,1182.2,15.386355946540348,14.386355946540347,METAADS
2022-11-17 00:00:00,Institucional,Empréstimo,COLD,1670,320,283.8,,1,14955.0,0.19161676646706588,1.0,0.8868750000000001,283.8,52.69556025369979,51.69556025369979,GOOGLE ADS
2022-11-17 00:00:00,CONVERSAO,Empréstimo,COLD,28430,230,728.1999999999999,0.0,1,18189.75,0.00809004572634541,0.004347826086956522,3.1660869565217387,728.1999999999999,24.979057951112335,23.979057951112335,METAADS
2022-11-18 00:00:00,CONVERSAO,Empréstimo,HOT,8840,60,399.79999999999995,0.0,1,18189.75,0.006787330316742082,0.016666666666666666,6.663333333333332,399.79999999999995,45.497123561780896,44.497123561780896,METAADS
2022-11-18 00:00:00,CONVERSAO,Empréstimo,COLD,31780,180,1194.0,0.0,1,18189.75,0.005663939584644431,0.005555555555555556,6.633333333333334,1194.0,15.234296482412061,14.234296482412061,METAADS
2022-11-18 00:00:00,CONVERSAO,Empréstimo,COLD,41110,120,790.9000000000001,0.0,1,18189.75,0.002918997810751642,0.008333333333333333,6.590833333333334,790.9000000000001,22.998798836768238,21.998798836768234,METAADS
2022-11-18 00:00:00,CONVERSAO,Empréstimo,COLD,56320,280,1574.8,0.0,1,18189.75,0.004971590909090909,0.0035714285714285713,5.6242857142857146,1574.8,11.550514351028703,10.550514351028703,METAADS
2022-11-19 00:00:00,Institucional,Empréstimo,COLD,630,100,136.2,,1,14955.0,0.15873015873015872,1.0,1.3619999999999999,136.2,109.80176211453745,108.80176211453745,GOOGLE ADS
2022-11-20 00:00:00,CONVERSAO,Empréstimo,COLD,43480,240,1103.3,0.0,1,18189.75,0.005519779208831647,0.004166666666666667,4.597083333333333,1103.3,16.486676334632467,15.486676334632467,METAADS
2022-11-20 00:00:00,CONVERSAO,Empréstimo,COLD,49840,320,1760.1,0.0,1,18189.75,0.006420545746388443,0.003125,5.5003125,1760.1,10.334498039884098,9.3344980398841,METAADS
2022-11-21 00:00:00,CONVERSAO,Empréstimo,COLD,47880,130,839.2,0.0,1,18189.75,0.0027151211361737676,0.007692307692307693,6.455384615384616,839.2,21.675107244995232,20.675107244995232,METAADS
2022-11-21 00:00:00,CONVERSAO,Empréstimo,COLD,57980,220,1679.9,0.0,1,18189.75,0.0037944118661607453,0.004545454545454545,7.635909090909092,1679.9,10.827876659324959,9.827876659324959,METAADS
2022-11-22 00:00:00,Conversão,Empréstimo,COLD,2430,100,405.7,,1,18180.0,0.0411522633744856,1.0,4.0569999999999995,405.7,44.81143702243037,43.81143702243037,GOOGLE ADS
2022-11-23 00:00:00,Institucional,Empréstimo,COLD,1640,200,323.9,,1,18180.0,0.12195121951219512,1.0,1.6195,323.9,56.128434702068546,55.12843470206854,GOOGLE ADS
2022-11-23 00:00:00,CONVERSAO,Empréstimo,HOT,5630,50,387.0,0.0,1,18189.75,0.008880994671403197,0.02,7.74,387.0,47.001937984496124,46.001937984496124,METAADS
2022-11-23 00:00:00,CONVERSAO,Empréstimo,COLD,32670,180,1168.7,0.0,1,16369.199999999999,0.005509641873278237,0.005555555555555556,6.492777777777778,1168.7,14.00633182168221,13.00633182168221,METAADS
2022-11-24 00:00:00,CONVERSAO,Empréstimo,COLD,12440,120,932.6,0.0,1,18189.75,0.00964630225080386,0.008333333333333333,7.7716666666666665,932.6,19.504342697834012,18.504342697834012,METAADS
2022-11-24 00:00:00,CONVERSAO,Empréstimo,COLD,51490,150,1131.9,0.0,1,18189.75,0.0029131870266071083,0.006666666666666667,7.546,1131.9,16.070103366021733,15.070103366021732,METAADS
2022-11-25 00:00:00,REMARKETING,Empréstimo,COLD,11320,90,961.0,0.0,1,18189.75,0.007950530035335688,0.011111111111111112,10.677777777777777,961.0,18.927939646201875,17.927939646201875,METAADS
2022-11-25 00:00:00,CONVERSAO,Empréstimo,HOT,5790,50,394.3,0.0,1,18189.75,0.008635578583765112,0.02,7.886,394.3,46.131752472736494,45.131752472736494,METAADS
2022-11-26 00:00:00,Institucional,Empréstimo,COLD,840,120,221.20000000000002,,1,18180.0,0.14285714285714285,1.0,1.8433333333333335,221.20000000000002,82.1880650994575,81.18806509945749,GOOGLE ADS
2022-11-26 00:00:00,CONVERSAO,Empréstimo,COLD,53420,230,2025.9,0.0,1,18189.75,0.004305503556720329,0.004347826086956522,8.808260869565217,2025.9,8.97860210276914,7.978602102769139,METAADS
2022-11-26 00:00:00,CONVERSAO,Empréstimo,HOT,9660,120,1003.3,0.0,1,18189.75,0.012422360248447204,0.008333333333333333,8.360833333333334,1003.3,18.129921259842522,17.129921259842522,METAADS
2022-11-27 00:00:00,Conversão-Youtube,Empréstimo,COLD,7710,100,407.9,,1,18180.0,0.01297016861219196,1.0,4.079,407.9,44.5697474871292,43.5697474871292,GOOGLE ADS
2022-11-27 00:00:00,CONVERSAO,Empréstimo,COLD,18700,120,803.1999999999999,0.0,1,18189.75,0.006417112299465241,0.008333333333333333,6.6933333333333325,803.1999999999999,22.64660109561753,21.64660109561753,METAADS
2022-11-28 00:00:00,Conversão,Empréstimo,COLD,700,60,267.6,,1,18180.0,0.08571428571428572,1.0,4.46,267.6,67.93721973094169,66.9372197309417,GOOGLE ADS
2022-11-28 00:00:00,CONVERSAO,Empréstimo,COLD,21420,110,762.4,0.0,1,18189.75,0.005135387488328665,0.00909090909090909,6.930909090909091,762.4,23.858538824763905,22.8585388247639,METAADS
2022-11-28 00:00:00,CONVERSAO,Empréstimo,COLD,68400,360,2052.6,0.0,1,18189.75,0.005263157894736842,0.002777777777777778,5.701666666666666,2052.6,8.8618094124525,7.8618094124525,METAADS
2022-11-29 00:00:00,Institucional,Empréstimo,COLD,1400,280,368.9,,1,14955.0,0.2,1.0,1.3175,368.9,40.53944158308485,39.53944158308485,GOOGLE ADS
2022-11-29 00:00:00,REMARKETING,Empréstimo,COLD,25530,160,963.7,0.0,1,18189.75,0.00626713670191931,0.00625,6.023125,963.7,18.874909204109162,17.874909204109162,METAADS
2022-11-29 00:00:00,CONVERSAO,Empréstimo,HOT,5620,60,412.9,0.0,1,18189.75,0.010676156583629894,0.016666666666666666,6.881666666666666,412.9,44.05364495035118,43.05364495035117,METAADS
2022-11-29 00:00:00,CONVERSAO,Empréstimo,COLD,21240,130,726.5999999999999,0.0,1,18189.75,0.006120527306967985,0.007692307692307693,5.589230769230769,726.5999999999999,25.0340627580512,24.034062758051203,METAADS
2022-11-29 00:00:00,CONVERSAO,Empréstimo,COLD,68860,230,1980.3,0.0,1,18189.75,0.0033401103688643625,0.004347826086956522,8.61,1980.3,9.185350704438722,8.185350704438722,METAADS
2022-11-29 00:00:00,CONVERSAO,Empréstimo,HOT,15170,100,1004.5999999999999,0.0,1,18189.75,0.0065919578114700065,0.01,10.046,1004.5999999999999,18.106460282699583,17.106460282699587,METAADS
2022-11-30 00:00:00,REMARKETING,Empréstimo,COLD,11620,20,226.5,0.0,1,18189.75,0.0017211703958691911,0.05,11.325,226.5,80.30794701986756,79.30794701986756,METAADS
2022-12-01 00:00:00,CONVERSAO,Empréstimo,COLD,38770,110,774.8000000000001,0.0,1,18189.75,0.002837245292752128,0.00909090909090909,7.043636363636364,774.8000000000001,23.476703665462054,22.476703665462054,METAADS
2022-12-03 00:00:00,CONVERSAO,Empréstimo,COLD,26500,220,826.9,0.0,1,20217.0,0.00830188679245283,0.004545454545454545,3.7586363636363633,826.9,24.449147418067483,23.44914741806748,METAADS
2022-12-05 00:00:00,Institucional,Empréstimo,COLD,1040,200,233.2,,1,18180.0,0.19230769230769232,1.0,1.166,233.2,77.95883361921098,76.95883361921098,GOOGLE ADS
2022-12-08 00:00:00,CONVERSAO,Empréstimo,COLD,41280,290,776.3,0.0,1,20217.0,0.007025193798449613,0.0034482758620689655,2.6768965517241377,776.3,26.042766971531627,25.042766971531627,METAADS
2022-12-10 00:00:00,CONVERSAO,Empréstimo,COLD,57930,320,1209.1,0.0,1,20217.0,0.005523908165026756,0.003125,3.7784375,1209.1,16.720701348110165,15.720701348110167,METAADS
2022-12-12 00:00:00,Conversão-Youtube,Empréstimo,COLD,132780,500,968.7,,1,20205.0,0.003765627353517096,1.0,1.9374,968.7,20.857850727779496,19.857850727779496,GOOGLE ADS
2022-12-12 00:00:00,CONVERSAO,Empréstimo,COLD,78180,240,2096.3999999999996,0.0,1,20217.0,0.0030698388334612432,0.004166666666666667,8.734999999999998,2096.3999999999996,9.643674871207786,8.643674871207786,METAADS
2022-12-12 00:00:00,CONVERSAO,Empréstimo,HOT,19930,70,1062.8,0.0,1,20217.0,0.0035122930255895636,0.014285714285714285,15.182857142857141,1062.8,19.022393677079414,18.022393677079414,METAADS
2022-12-16 00:00:00,CONVERSAO,Empréstimo,COLD,73650,340,1927.3,0.0,1,20217.0,0.00461642905634759,0.0029411764705882353,5.668529411764705,1927.3,10.489804389560526,9.489804389560526,METAADS
2022-12-18 00:00:00,CONVERSAO,Empréstimo,COLD,42110,240,869.5999999999999,0.0,1,20217.0,0.00569935882213251,0.004166666666666667,3.623333333333333,869.5999999999999,23.248620055197794,22.248620055197797,METAADS
2022-12-21 00:00:00,CONVERSAO,Empréstimo,COLD,65170,150,1468.1999999999998,0.0,1,20217.0,0.0023016725487187356,0.006666666666666667,9.787999999999998,1468.1999999999998,13.76992235390274,12.76992235390274,METAADS
2022-12-22 00:00:00,Institucional,Empréstimo,COLD,890,130,93.3,,1,14955.0,0.14606741573033707,1.0,0.7176923076923076,93.3,160.28938906752413,159.28938906752413,GOOGLE ADS
2022-12-23 00:00:00,CONVERSAO,Empréstimo,COLD,39780,310,947.3000000000001,0.0,1,20217.0,0.007792860734037205,0.0032258064516129032,3.0558064516129035,947.3000000000001,21.341708012245327,20.341708012245327,METAADS
2022-12-24 00:00:00,Institucional,Empréstimo,COLD,420,140,176.5,,1,14955.0,0.3333333333333333,1.0,1.2607142857142857,176.5,84.73087818696884,83.73087818696884,GOOGLE ADS
2022-12-28 00:00:00,Institucional,Empréstimo,COLD,850,220,219.60000000000002,,1,18180.0,0.25882352941176473,1.0,0.9981818181818183,219.60000000000002,82.78688524590163,81.78688524590164,GOOGLE ADS
2022-12-29 00:00:00,Conversão,Empréstimo,COLD,3210,310,1499.8,,1,18180.0,0.09657320872274143,1.0,4.838064516129032,1499.8,12.1216162154954,11.1216162154954,GOOGLE ADS
2022-12-29 00:00:00,CONVERSAO,Empréstimo,COLD,48760,210,913.7,0.0,1,20217.0,0.004306808859721083,0.004761904761904762,4.350952380952381,913.7,22.1265185509467,21.1265185509467,METAADS
2022-12-29 00:00:00,CONVERSAO,Empréstimo,COLD,86140,190,1735.6999999999998,0.0,1,18189.0,0.002205711632226608,0.005263157894736842,9.135263157894736,1735.6999999999998,10.479345509016536,9.479345509016536,METAADS
2022-12-29 00:00:00,CONVERSAO,Empréstimo,HOT,16460,60,863.0,0.0,1,20217.0,0.0036452004860267314,0.016666666666666666,14.383333333333333,863.0,23.426419466975666,22.426419466975666,METAADS
2022-12-30 00:00:00,CONVERSAO,Empréstimo,HOT,18470,110,835.3,0.0,1,18189.9,0.005955603681645912,0.00909090909090909,7.593636363636363,835.3,21.776487489524726,20.776487489524726,METAADS
2023-01-04 00:00:00,Institucional,Empréstimo,COLD,1420,210,186.70000000000002,,1,20205.0,0.14788732394366197,1.0,0.8890476190476191,186.70000000000002,108.22174611676485,107.22174611676485,GOOGLE ADS
2023-01-04 00:00:00,CONVERSAO,Empréstimo,COLD,46290,230,925.3,0.0,1,20217.0,0.0049686757399006265,0.004347826086956522,4.0230434782608695,925.3,21.849130011888036,20.84913001188804,METAADS
2023-01-05 00:00:00,CONVERSAO,Empréstimo,COLD,65210,310,1156.3,0.0,1,20217.0,0.00475387210550529,0.0032258064516129032,3.73,1156.3,17.484216898728704,16.484216898728704,METAADS
2023-01-05 00:00:00,CONVERSAO,Empréstimo,COLD,53750,260,924.7,0.0,1,20217.0,0.0048372093023255815,0.0038461538461538464,3.556538461538462,924.7,21.863307018492485,20.86330701849248,METAADS
2023-01-05 00:00:00,CONVERSAO,Empréstimo,COLD,46620,110,577.4,0.0,1,20217.0,0.0023595023595023596,0.00909090909090909,5.249090909090909,577.4,35.0138552130239,34.0138552130239,METAADS
2023-01-05 00:00:00,CONVERSAO,Empréstimo,HOT,18420,20,891.4,0.0,1,20217.0,0.0010857763300760044,0.05,44.57,891.4,22.68005384787974,21.680053847879737,METAADS
2023-01-06 00:00:00,CONVERSAO,Empréstimo,COLD,42240,90,580.9000000000001,0.0,1,20217.0,0.002130681818181818,0.011111111111111112,6.454444444444445,580.9000000000001,34.80289206403855,33.80289206403855,METAADS
2023-01-07 00:00:00,CONVERSAO,Empréstimo,HOT,14400,50,851.4,0.0,1,20217.0,0.003472222222222222,0.02,17.028,851.4,23.745595489781536,22.745595489781536,METAADS
2023-01-08 00:00:00,Conversão,Empréstimo,COLD,2200,150,493.6,,1,20205.0,0.06818181818181818,1.0,3.2906666666666666,493.6,40.9339546191248,39.9339546191248,GOOGLE ADS
2023-01-08 00:00:00,CONVERSAO,Empréstimo,COLD,75890,200,1626.0,0.0,1,20217.0,0.002635393332454869,0.005,8.13,1626.0,12.433579335793358,11.433579335793358,METAADS
2023-01-12 00:00:00,CONVERSAO,Empréstimo,COLD,63270,230,1445.3999999999999,0.0,1,20217.0,0.003635214161529951,0.004347826086956522,6.284347826086956,1445.3999999999999,13.987131589871318,12.987131589871316,METAADS
2023-01-17 00:00:00,CONVERSAO,Empréstimo,COLD,23630,160,692.6,0.0,1,20217.0,0.006771053745239103,0.00625,4.32875,692.6,29.19000866300895,28.190008663008953,METAADS
2023-01-18 00:00:00,CONVERSAO,Empréstimo,COLD,22220,200,679.8000000000001,0.0,1,20217.0,0.009000900090009001,0.005,3.3990000000000005,679.8000000000001,29.739629302736095,28.7396293027361,METAADS
2023-01-18 00:00:00,CONVERSAO,Empréstimo,COLD,83820,320,1734.6000000000001,0.0,1,20217.0,0.00381770460510618,0.003125,5.420625,1734.6000000000001,11.655136630923556,10.655136630923556,METAADS
2023-01-19 00:00:00,CONVERSAO,Empréstimo,COLD,100640,490,1711.3,0.0,1,20217.0,0.004868839427662957,0.0020408163265306124,3.4924489795918365,1711.3,11.813825746508503,10.813825746508503,METAADS
2023-01-21 00:00:00,CONVERSAO,Empréstimo,COLD,68410,380,1794.1999999999998,0.0,1,20217.0,0.00555474345855869,0.002631578947368421,4.72157894736842,1794.1999999999998,11.267974584773158,10.267974584773158,METAADS
2023-01-25 00:00:00,CONVERSAO,Empréstimo,COLD,67060,430,1956.8000000000002,0.0,1,20217.0,0.006412168207575306,0.002325581395348837,4.550697674418605,1956.8000000000002,10.331663941128372,9.331663941128372,METAADS
2023-01-25 00:00:00,CONVERSAO,Empréstimo,HOT,16080,80,1063.0,0.0,1,20217.0,0.004975124378109453,0.0125,13.2875,1063.0,19.018814675446848,18.018814675446848,METAADS
2023-01-29 00:00:00,Conversão-Youtube,Empréstimo,COLD,20640,140,591.4,,1,20205.0,0.006782945736434108,1.0,4.224285714285714,591.4,34.16469394656747,33.16469394656747,GOOGLE ADS
2023-01-29 00:00:00,CONVERSAO,Empréstimo,COLD,80890,500,2143.5,0.0,1,20217.0,0.006181233774261343,0.002,4.287,2143.5,9.431770468859343,8.431770468859343,METAADS
2023-02-01 00:00:00,CONVERSAO,Empréstimo,COLD,88030,410,1941.3,0.0,1,20217.0,0.004657503123935022,0.0024390243902439024,4.734878048780487,1941.3,10.414155462834184,9.414155462834184,METAADS
2023-02-04 00:00:00,Institucional,Empréstimo,COLD,480,130,97.69999999999999,,1,20205.0,0.2708333333333333,1.0,0.7515384615384615,97.69999999999999,206.80655066530196,205.80655066530196,GOOGLE ADS
2023-02-04 00:00:00,CONVERSAO,Empréstimo,COLD,75770,460,1991.3999999999999,0.0,1,20217.0,0.006071004355285733,0.002173913043478261,4.329130434782608,1991.3999999999999,10.15215426333233,9.15215426333233,METAADS
2023-02-05 00:00:00,CONVERSAO,Empréstimo,COLD,38490,100,946.5,0.0,1,20217.0,0.002598077422707197,0.01,9.465,946.5,21.35974643423138,20.35974643423138,METAADS
2023-02-07 00:00:00,CONVERSAO,Empréstimo,COLD,81180,360,2001.0,0.0,1,20217.0,0.004434589800443459,0.002777777777777778,5.558333333333334,2001.0,10.10344827586207,9.10344827586207,METAADS
2023-02-08 00:00:00,CONVERSAO,Empréstimo,COLD,80610,520,1921.3999999999999,0.0,1,20217.0,0.006450812554273664,0.0019230769230769232,3.695,1921.3999999999999,10.522015197252005,9.522015197252003,METAADS
2023-02-09 00:00:00,CONVERSAO,Empréstimo,COLD,88900,380,1941.5,0.0,1,20217.0,0.0042744656917885265,0.002631578947368421,5.109210526315789,1941.5,10.413082668040175,9.413082668040175,METAADS
2023-02-15 00:00:00,CONVERSAO,Empréstimo,COLD,24090,120,828.0,0.0,1,20205.0,0.0049813200498132005,0.008333333333333333,6.9,828.0,24.402173913043477,23.402173913043477,METAADS
2023-02-16 00:00:00,Conversão-Youtube,Empréstimo,COLD,23000,230,780.8,,1,14955.0,0.01,1.0,3.394782608695652,780.8,19.15343237704918,18.15343237704918,GOOGLE ADS
2023-02-16 00:00:00,CONVERSAO,Empréstimo,HOT,16360,90,1065.3,0.0,1,22455.0,0.005501222493887531,0.011111111111111112,11.836666666666666,1065.3,21.078569417065616,20.078569417065616,METAADS
2023-02-17 00:00:00,Conversão-Youtube,Empréstimo,COLD,23350,170,748.8,,1,14955.0,0.007280513918629551,1.0,4.404705882352941,748.8,19.971955128205128,18.97195512820513,GOOGLE ADS
2023-02-17 00:00:00,Institucional,Empréstimo,COLD,1470,230,206.20000000000002,,1,18180.0,0.1564625850340136,1.0,0.8965217391304349,206.20000000000002,88.16682832201745,87.16682832201745,GOOGLE ADS
2023-02-19 00:00:00,Institucional,Empréstimo,COLD,670,120,77.30000000000001,,1,14955.0,0.1791044776119403,1.0,0.6441666666666668,77.30000000000001,193.46701164294953,192.46701164294953,GOOGLE ADS
2023-02-20 00:00:00,Remarketing,Empréstimo,HOT,52960,940,434.09999999999997,,1,20205.0,0.017749244712990938,1.0,0.4618085106382978,434.09999999999997,46.54457498272288,45.544574982722885,GOOGLE ADS
2023-02-20 00:00:00,CONVERSAO,Empréstimo,COLD,62360,530,2070.7,0.0,1,22455.0,0.00849903784477229,0.0018867924528301887,3.9069811320754715,2070.7,10.844158980055054,9.844158980055054,METAADS
2023-02-23 00:00:00,CONVERSAO,Empréstimo,COLD,21610,120,829.3000000000001,0.0,1,22455.0,0.005552984729291994,0.008333333333333333,6.910833333333334,829.3000000000001,27.07705293621126,26.07705293621126,METAADS
2023-02-23 00:00:00,CONVERSAO,Empréstimo,COLD,67400,480,1938.3000000000002,0.0,1,22455.0,0.007121661721068249,0.0020833333333333333,4.038125,1938.3000000000002,11.584893979260176,10.584893979260176,METAADS
2023-02-24 00:00:00,Conversão-Youtube,Empréstimo,COLD,24880,220,723.0,,1,14955.0,0.008842443729903537,1.0,3.286363636363636,723.0,20.684647302904565,19.684647302904565,GOOGLE ADS
2023-02-24 00:00:00,CONVERSAO,Empréstimo,COLD,18840,130,585.4,0.0,1,22455.0,0.006900212314225053,0.007692307692307693,4.5030769230769225,585.4,38.35838742740007,37.35838742740007,METAADS
2023-02-24 00:00:00,CONVERSAO,Empréstimo,HOT,14910,40,1027.3,0.0,1,22455.0,0.0026827632461435278,0.025,25.682499999999997,1027.3,21.858269249488952,20.858269249488952,METAADS
2023-02-25 00:00:00,Conversão-Youtube,Empréstimo,COLD,24390,270,728.0,,1,33300.0,0.01107011070110701,1.0,2.696296296296296,728.0,45.74175824175824,44.74175824175824,GOOGLE ADS
2023-02-25 00:00:00,CONVERSAO,Empréstimo,COLD,22900,170,822.0999999999999,0.0,1,34455.0,0.007423580786026201,0.0058823529411764705,4.835882352941176,822.0999999999999,41.910959737258246,40.910959737258246,METAADS
2023-02-25 00:00:00,CONVERSAO,Empréstimo,COLD,14700,120,600.5,0.0,1,22455.0,0.00816326530612245,0.008333333333333333,5.004166666666666,600.5,37.39383846794338,36.39383846794338,METAADS
2023-02-25 00:00:00,CONVERSAO,Empréstimo,HOT,14920,80,952.0999999999999,0.0,1,22455.0,0.005361930294906166,0.0125,11.90125,952.0999999999999,23.58470748870917,22.584707488709174,METAADS
2023-02-27 00:00:00,CONVERSAO,Empréstimo,COLD,62010,420,2088.7,0.0,1,20205.0,0.006773101112723754,0.002380952380952381,4.973095238095238,2088.7,9.673481112653805,8.673481112653803,METAADS
2023-02-27 00:00:00,CONVERSAO,Empréstimo,HOT,16800,20,1081.8000000000002,0.0,1,22455.0,0.0011904761904761906,0.05,54.09000000000001,1081.8000000000002,20.75707154742096,19.757071547420963,METAADS
2023-02-28 00:00:00,CONVERSAO,Empréstimo,HOT,14680,50,1082.2,0.0,1,19200.0,0.0034059945504087193,0.02,21.644000000000002,1082.2,17.74163740528553,16.7416374052855,METAADS
2022-09-05 00:00:00,REMARKETING,Empréstimo,COLD,95750,470,1536.3,0.0,2,24132.6,0.004908616187989556,0.00425531914893617,3.268723404255319,768.15,15.708260105448154,14.708260105448154,METAADS
2022-09-06 00:00:00,REMARKETING,Empréstimo,HOT,42280,250,989.5999999999999,0.0,2,26919.0,0.005912961210974456,0.008,3.9583999999999997,494.79999999999995,27.201899757477772,26.201899757477772,METAADS
2022-09-08 00:00:00,Remarketing,Empréstimo,HOT,19260,140,124.1,,2,14955.0,0.007268951194184839,1.0,0.8864285714285713,62.05,120.50765511684126,119.50765511684126,GOOGLE ADS
2022-09-20 00:00:00,Remarketing,Empréstimo,HOT,18880,180,104.9,,2,14955.0,0.009533898305084746,1.0,0.5827777777777778,52.45,142.56434699714012,141.56434699714012,GOOGLE ADS
2022-09-21 00:00:00,REMARKETING,Empréstimo,COLD,88680,600,1970.6999999999998,0.0,2,26919.0,0.006765899864682003,0.0033333333333333335,3.2844999999999995,985.3499999999999,13.65961333536307,12.659613335363069,METAADS
2022-10-07 00:00:00,REMARKETING,Empréstimo,COLD,142780,640,3356.2,0.0,2,26919.0,0.0044824205070738195,0.003125,5.2440625,1678.1,8.02067814790537,7.020678147905369,METAADS
2022-10-07 00:00:00,CONVERSAO,Empréstimo,HOT,17840,80,963.1,0.0,2,25571.55,0.004484304932735426,0.025,12.03875,481.55,26.551292700654137,25.551292700654137,METAADS
2022-10-10 00:00:00,REMARKETING,Empréstimo,COLD,117910,560,2559.3,0.0,2,40434.0,0.004749385124247307,0.0035714285714285713,4.570178571428571,1279.65,15.79885124838823,14.798851248388228,METAADS
2022-10-14 00:00:00,Institucional,Empréstimo,COLD,1110,170,221.29999999999998,,2,29910.0,0.15315315315315314,1.0,1.301764705882353,110.64999999999999,135.1558969724356,134.1558969724356,GOOGLE ADS
2022-10-25 00:00:00,Institucional,Empréstimo,COLD,1460,150,271.6,,2,14955.0,0.10273972602739725,1.0,1.8106666666666669,135.8,55.06259204712813,54.06259204712812,GOOGLE ADS
2022-10-31 00:00:00,CONVERSAO,Empréstimo,HOT,15250,80,528.8000000000001,0.0,2,40434.0,0.005245901639344262,0.025,6.610000000000001,264.40000000000003,76.46369137670196,75.46369137670195,METAADS
2022-11-08 00:00:00,Institucional,Empréstimo,COLD,1460,280,403.0,,2,29910.0,0.1917808219178082,1.0,1.4392857142857143,201.5,74.21836228287842,73.21836228287842,GOOGLE ADS
2022-11-10 00:00:00,Institucional,Empréstimo,COLD,1550,200,329.20000000000005,,2,18180.0,0.12903225806451613,1.0,1.6460000000000001,164.60000000000002,55.224787363304976,54.22478736330497,GOOGLE ADS
2022-11-10 00:00:00,CONVERSAO,Empréstimo,COLD,47910,170,1165.9,0.0,2,36379.5,0.003548319766228345,0.011764705882352941,6.858235294117647,582.95,31.202933356205506,30.202933356205502,METAADS
2022-11-10 00:00:00,CONVERSAO,Empréstimo,HOT,20230,100,1137.3,0.0,2,34559.7,0.004943153732081068,0.02,11.373,568.65,30.38749670271696,29.38749670271696,METAADS
2022-11-11 00:00:00,CONVERSAO,Empréstimo,COLD,13430,260,432.5,0.0,2,36379.5,0.0193596425912137,0.007692307692307693,1.6634615384615385,216.25,84.11445086705203,83.11445086705203,METAADS
2022-11-15 00:00:00,Institucional,Empréstimo,COLD,740,200,219.8,,2,29910.0,0.2702702702702703,1.0,1.099,109.9,136.07825295723384,135.07825295723384,GOOGLE ADS
2022-11-21 00:00:00,CONVERSAO,Empréstimo,HOT,17050,90,1340.8000000000002,0.0,2,36379.5,0.005278592375366569,0.022222222222222223,14.89777777777778,670.4000000000001,27.132681980906916,26.132681980906916,METAADS
2022-11-22 00:00:00,CONVERSAO,Empréstimo,COLD,20020,210,743.8,0.0,2,36379.5,0.01048951048951049,0.009523809523809525,3.5419047619047617,371.9,48.91032535627857,47.91032535627857,METAADS
2022-11-24 00:00:00,Institucional,Empréstimo,COLD,900,120,186.9,,2,33300.0,0.13333333333333333,1.0,1.5575,93.45,178.1701444622793,177.17014446227927,GOOGLE ADS
2022-11-24 00:00:00,CONVERSAO,Empréstimo,COLD,34460,190,1110.0,0.0,2,36379.5,0.005513639001741149,0.010526315789473684,5.842105263157895,555.0,32.774324324324326,31.774324324324326,METAADS
2022-11-25 00:00:00,Institucional,Empréstimo,COLD,1260,240,299.6,,2,18180.0,0.19047619047619047,1.0,1.2483333333333335,149.8,60.68090787716955,59.68090787716956,GOOGLE ADS
2022-11-28 00:00:00,Institucional,Empréstimo,COLD,1220,190,343.40000000000003,,2,33300.0,0.1557377049180328,1.0,1.8073684210526317,171.70000000000002,96.97146185206755,95.97146185206755,GOOGLE ADS
2022-12-12 00:00:00,Institucional,Empréstimo,COLD,1070,160,293.2,,2,20205.0,0.14953271028037382,1.0,1.8325,146.6,68.91200545702593,67.91200545702593,GOOGLE ADS
2022-12-26 00:00:00,Institucional,Empréstimo,COLD,890,160,216.70000000000002,,2,20205.0,0.1797752808988764,1.0,1.354375,108.35000000000001,93.23950161513612,92.23950161513612,GOOGLE ADS
2022-12-29 00:00:00,Institucional,Empréstimo,COLD,770,130,259.7,,2,20205.0,0.16883116883116883,1.0,1.9976923076923077,129.85,77.80130920292646,76.80130920292646,GOOGLE ADS
2023-01-04 00:00:00,CONVERSAO,Empréstimo,HOT,19470,90,893.1,0.0,2,40434.0,0.004622496147919877,0.022222222222222223,9.923333333333334,446.55,45.27376553577427,44.27376553577427,METAADS
2023-01-06 00:00:00,CONVERSAO,Empréstimo,COLD,80290,190,1731.2,0.0,2,40434.0,0.002366421721260431,0.010526315789473684,9.111578947368422,865.6,23.35605360443623,22.35605360443623,METAADS
2023-01-10 00:00:00,Institucional,Empréstimo,COLD,1840,270,416.59999999999997,,2,20205.0,0.14673913043478262,1.0,1.5429629629629629,208.29999999999998,48.49975996159386,47.49975996159386,GOOGLE ADS
2023-01-11 00:00:00,Conversão-Youtube,Empréstimo,COLD,15180,110,509.09999999999997,,2,20205.0,0.007246376811594203,1.0,4.628181818181818,254.54999999999998,39.687684148497354,38.687684148497354,GOOGLE ADS
2023-01-16 00:00:00,Institucional,Empréstimo,COLD,1590,330,392.5,,2,20205.0,0.20754716981132076,1.0,1.1893939393939394,196.25,51.47770700636943,50.47770700636943,GOOGLE ADS
2023-01-17 00:00:00,Conversão-Youtube,Empréstimo,COLD,11900,120,514.7,,2,20205.0,0.010084033613445379,1.0,4.2891666666666675,257.35,39.255877210025254,38.255877210025254,GOOGLE ADS
2023-01-19 00:00:00,Institucional,Empréstimo,COLD,1550,300,269.20000000000005,,2,20205.0,0.1935483870967742,1.0,0.8973333333333335,134.60000000000002,75.055720653789,74.055720653789,GOOGLE ADS
2023-02-17 00:00:00,CONVERSAO,Empréstimo,HOT,15450,80,994.5,0.0,2,40410.0,0.005177993527508091,0.025,12.43125,497.25,40.633484162895925,39.633484162895925,METAADS
2023-02-22 00:00:00,CONVERSAO,Empréstimo,HOT,9950,50,1012.4,0.0,2,56910.0,0.005025125628140704,0.04,20.248,506.2,56.21295930462268,55.21295930462268,METAADS
2023-02-27 00:00:00,Institucional,Empréstimo,COLD,1940,300,334.6,,2,18180.0,0.15463917525773196,1.0,1.1153333333333335,167.3,54.333532576210395,53.3335325762104,GOOGLE ADS
2023-02-27 00:00:00,CONVERSAO,Empréstimo,COLD,21910,110,865.4000000000001,0.0,2,51210.0,0.005020538566864446,0.01818181818181818,7.867272727272728,432.70000000000005,59.174948000924424,58.174948000924424,METAADS
2023-02-28 00:00:00,CONVERSAO,Empréstimo,COLD,22440,190,858.9,0.0,2,37260.0,0.008467023172905526,0.010526315789473684,4.520526315789474,429.45,43.38106880894167,42.38106880894167,METAADS
2023-02-28 00:00:00,CONVERSAO,Empréstimo,COLD,12780,70,600.0,0.0,2,56910.0,0.005477308294209703,0.02857142857142857,8.571428571428571,300.0,94.85,93.85,METAADS
2023-02-28 00:00:00,CONVERSAO,Empréstimo,COLD,55570,370,2014.5,0.0,2,44910.0,0.006658268850098974,0.005405405405405406,5.444594594594594,1007.25,22.2933730454207,21.2933730454207,METAADS
2022-09-05 00:00:00,REMARKETING,Empréstimo,COLD,95750,470,1536.3,0.0,2,24132.6,0.004908616187989556,0.00425531914893617,3.268723404255319,768.15,15.708260105448154,14.708260105448154,METAADS
2022-09-06 00:00:00,REMARKETING,Empréstimo,HOT,42280,250,989.5999999999999,0.0,2,26919.0,0.005912961210974456,0.008,3.9583999999999997,494.79999999999995,27.201899757477772,26.201899757477772,METAADS
2022-09-08 00:00:00,Remarketing,Empréstimo,HOT,19260,140,124.1,,2,14955.0,0.007268951194184839,1.0,0.8864285714285713,62.05,120.50765511684126,119.50765511684126,GOOGLE ADS
2022-09-20 00:00:00,Remarketing,Empréstimo,HOT,18880,180,104.9,,2,14955.0,0.009533898305084746,1.0,0.5827777777777778,52.45,142.56434699714012,141.56434699714012,GOOGLE ADS
2022-09-21 00:00:00,REMARKETING,Empréstimo,COLD,88680,600,1970.6999999999998,0.0,2,26919.0,0.006765899864682003,0.0033333333333333335,3.2844999999999995,985.3499999999999,13.65961333536307,12.659613335363069,METAADS
2022-10-07 00:00:00,REMARKETING,Empréstimo,COLD,142780,640,3356.2,0.0,2,26919.0,0.0044824205070738195,0.003125,5.2440625,1678.1,8.02067814790537,7.020678147905369,METAADS
2022-10-07 00:00:00,CONVERSAO,Empréstimo,HOT,17840,80,963.1,0.0,2,25571.55,0.004484304932735426,0.025,12.03875,481.55,26.551292700654137,25.551292700654137,METAADS
2022-10-10 00:00:00,REMARKETING,Empréstimo,COLD,117910,560,2559.3,0.0,2,40434.0,0.004749385124247307,0.0035714285714285713,4.570178571428571,1279.65,15.79885124838823,14.798851248388228,METAADS
2022-10-14 00:00:00,Institucional,Empréstimo,COLD,1110,170,221.29999999999998,,2,29910.0,0.15315315315315314,1.0,1.301764705882353,110.64999999999999,135.1558969724356,134.1558969724356,GOOGLE ADS
2022-10-25 00:00:00,Institucional,Empréstimo,COLD,1460,150,271.6,,2,14955.0,0.10273972602739725,1.0,1.8106666666666669,135.8,55.06259204712813,54.06259204712812,GOOGLE ADS
2022-10-31 00:00:00,CONVERSAO,Empréstimo,HOT,15250,80,528.8000000000001,0.0,2,40434.0,0.005245901639344262,0.025,6.610000000000001,264.40000000000003,76.46369137670196,75.46369137670195,METAADS
2022-11-08 00:00:00,Institucional,Empréstimo,COLD,1460,280,403.0,,2,29910.0,0.1917808219178082,1.0,1.4392857142857143,201.5,74.21836228287842,73.21836228287842,GOOGLE ADS
2022-11-10 00:00:00,Institucional,Empréstimo,COLD,1550,200,329.20000000000005,,2,18180.0,0.12903225806451613,1.0,1.6460000000000001,164.60000000000002,55.224787363304976,54.22478736330497,GOOGLE ADS
2022-11-10 00:00:00,CONVERSAO,Empréstimo,COLD,47910,170,1165.9,0.0,2,36379.5,0.003548319766228345,0.011764705882352941,6.858235294117647,582.95,31.202933356205506,30.202933356205502,METAADS
2022-11-10 00:00:00,CONVERSAO,Empréstimo,HOT,20230,100,1137.3,0.0,2,34559.7,0.004943153732081068,0.02,11.373,568.65,30.38749670271696,29.38749670271696,METAADS
2022-11-11 00:00:00,CONVERSAO,Empréstimo,COLD,13430,260,432.5,0.0,2,36379.5,0.0193596425912137,0.007692307692307693,1.6634615384615385,216.25,84.11445086705203,83.11445086705203,METAADS
2022-11-15 00:00:00,Institucional,Empréstimo,COLD,740,200,219.8,,2,29910.0,0.2702702702702703,1.0,1.099,109.9,136.07825295723384,135.07825295723384,GOOGLE ADS
2022-11-21 00:00:00,CONVERSAO,Empréstimo,HOT,17050,90,1340.8000000000002,0.0,2,36379.5,0.005278592375366569,0.022222222222222223,14.89777777777778,670.4000000000001,27.132681980906916,26.132681980906916,METAADS
2022-11-22 00:00:00,CONVERSAO,Empréstimo,COLD,20020,210,743.8,0.0,2,36379.5,0.01048951048951049,0.009523809523809525,3.5419047619047617,371.9,48.91032535627857,47.91032535627857,METAADS
2022-11-24 00:00:00,Institucional,Empréstimo,COLD,900,120,186.9,,2,33300.0,0.13333333333333333,1.0,1.5575,93.45,178.1701444622793,177.17014446227927,GOOGLE ADS
2022-11-24 00:00:00,CONVERSAO,Empréstimo,COLD,34460,190,1110.0,0.0,2,36379.5,0.005513639001741149,0.010526315789473684,5.842105263157895,555.0,32.774324324324326,31.774324324324326,METAADS
2022-11-25 00:00:00,Institucional,Empréstimo,COLD,1260,240,299.6,,2,18180.0,0.19047619047619047,1.0,1.2483333333333335,149.8,60.68090787716955,59.68090787716956,GOOGLE ADS
2022-11-28 00:00:00,Institucional,Empréstimo,COLD,1220,190,343.40000000000003,,2,33300.0,0.1557377049180328,1.0,1.8073684210526317,171.70000000000002,96.97146185206755,95.97146185206755,GOOGLE ADS
2022-12-12 00:00:00,Institucional,Empréstimo,COLD,1070,160,293.2,,2,20205.0,0.14953271028037382,1.0,1.8325,146.6,68.91200545702593,67.91200545702593,GOOGLE ADS
2022-12-26 00:00:00,Institucional,Empréstimo,COLD,890,160,216.70000000000002,,2,20205.0,0.1797752808988764,1.0,1.354375,108.35000000000001,93.23950161513612,92.23950161513612,GOOGLE ADS
2022-12-29 00:00:00,Institucional,Empréstimo,COLD,770,130,259.7,,2,20205.0,0.16883116883116883,1.0,1.9976923076923077,129.85,77.80130920292646,76.80130920292646,GOOGLE ADS
2023-01-04 00:00:00,CONVERSAO,Empréstimo,HOT,19470,90,893.1,0.0,2,40434.0,0.004622496147919877,0.022222222222222223,9.923333333333334,446.55,45.27376553577427,44.27376553577427,METAADS
2023-01-06 00:00:00,CONVERSAO,Empréstimo,COLD,80290,190,1731.2,0.0,2,40434.0,0.002366421721260431,0.010526315789473684,9.111578947368422,865.6,23.35605360443623,22.35605360443623,METAADS
2023-01-10 00:00:00,Institucional,Empréstimo,COLD,1840,270,416.59999999999997,,2,20205.0,0.14673913043478262,1.0,1.5429629629629629,208.29999999999998,48.49975996159386,47.49975996159386,GOOGLE ADS
2023-01-11 00:00:00,Conversão-Youtube,Empréstimo,COLD,15180,110,509.09999999999997,,2,20205.0,0.007246376811594203,1.0,4.628181818181818,254.54999999999998,39.687684148497354,38.687684148497354,GOOGLE ADS
2023-01-16 00:00:00,Institucional,Empréstimo,COLD,1590,330,392.5,,2,20205.0,0.20754716981132076,1.0,1.1893939393939394,196.25,51.47770700636943,50.47770700636943,GOOGLE ADS
2023-01-17 00:00:00,Conversão-Youtube,Empréstimo,COLD,11900,120,514.7,,2,20205.0,0.010084033613445379,1.0,4.2891666666666675,257.35,39.255877210025254,38.255877210025254,GOOGLE ADS
2023-01-19 00:00:00,Institucional,Empréstimo,COLD,1550,300,269.20000000000005,,2,20205.0,0.1935483870967742,1.0,0.8973333333333335,134.60000000000002,75.055720653789,74.055720653789,GOOGLE ADS
2023-02-17 00:00:00,CONVERSAO,Empréstimo,HOT,15450,80,994.5,0.0,2,40410.0,0.005177993527508091,0.025,12.43125,497.25,40.633484162895925,39.633484162895925,METAADS
2023-02-22 00:00:00,CONVERSAO,Empréstimo,HOT,9950,50,1012.4,0.0,2,56910.0,0.005025125628140704,0.04,20.248,506.2,56.21295930462268,55.21295930462268,METAADS
2023-02-27 00:00:00,Institucional,Empréstimo,COLD,1940,300,334.6,,2,18180.0,0.15463917525773196,1.0,1.1153333333333335,167.3,54.333532576210395,53.3335325762104,GOOGLE ADS
2023-02-27 00:00:00,CONVERSAO,Empréstimo,COLD,21910,110,865.4000000000001,0.0,2,51210.0,0.005020538566864446,0.01818181818181818,7.867272727272728,432.70000000000005,59.174948000924424,58.174948000924424,METAADS
2023-02-28 00:00:00,CONVERSAO,Empréstimo,COLD,22440,190,858.9,0.0,2,37260.0,0.008467023172905526,0.010526315789473684,4.520526315789474,429.45,43.38106880894167,42.38106880894167,METAADS
2023-02-28 00:00:00,CONVERSAO,Empréstimo,COLD,12780,70,600.0,0.0,2,56910.0,0.005477308294209703,0.02857142857142857,8.571428571428571,300.0,94.85,93.85,METAADS
2023-02-28 00:00:00,CONVERSAO,Empréstimo,COLD,55570,370,2014.5,0.0,2,44910.0,0.006658268850098974,0.005405405405405406,5.444594594594594,1007.25,22.2933730454207,21.2933730454207,METAADS
2022-10-06 00:00:00,Institucional,Empréstimo,COLD,1630,210,360.09999999999997,,3,14955.0,0.12883435582822086,1.0,1.7147619047619047,120.03333333333332,41.5301305193002,40.530130519300194,GOOGLE ADS
2022-10-07 00:00:00,Institucional,Empréstimo,COLD,1410,310,465.79999999999995,,3,45000.0,0.2198581560283688,1.0,1.5025806451612902,155.26666666666665,96.60798626019752,95.6079862601975,GOOGLE ADS
2022-10-13 00:00:00,Institucional,Empréstimo,COLD,1250,260,414.4,,3,45000.0,0.208,1.0,1.5938461538461537,138.13333333333333,108.59073359073359,107.59073359073359,GOOGLE ADS
2022-11-22 00:00:00,Remarketing,Empréstimo,HOT,20860,230,190.3,,3,18180.0,0.01102588686481304,1.0,0.8273913043478262,63.43333333333334,95.5333683657383,94.53336836573831,GOOGLE ADS
2022-11-22 00:00:00,CONVERSAO,Empréstimo,COLD,56790,310,1586.8000000000002,0.0,3,54569.25,0.005458707518929389,0.00967741935483871,5.118709677419355,528.9333333333334,34.38949458028737,33.38949458028736,METAADS
2022-11-30 00:00:00,CONVERSAO,Empréstimo,HOT,4580,30,352.40000000000003,0.0,3,54569.25,0.006550218340611353,0.1,11.746666666666668,117.46666666666668,154.85031214528942,153.85031214528942,METAADS
2022-11-30 00:00:00,CONVERSAO,Empréstimo,COLD,72550,340,1938.1,0.0,3,54569.25,0.004686423156443832,0.008823529411764706,5.700294117647059,646.0333333333333,28.156054899128012,27.156054899128016,METAADS
2023-01-05 00:00:00,Conversão-Youtube,Empréstimo,COLD,21040,190,559.9,,3,20205.0,0.00903041825095057,1.0,2.946842105263158,186.63333333333333,36.08680121450259,35.086801214502586,GOOGLE ADS
2023-01-12 00:00:00,Conversão,Empréstimo,COLD,4760,230,733.7,,3,20205.0,0.04831932773109244,1.0,3.1900000000000004,244.5666666666667,27.53850347553496,26.538503475534956,GOOGLE ADS
2023-01-19 00:00:00,Conversão-Youtube,Empréstimo,COLD,10550,180,464.0,,3,20205.0,0.017061611374407582,1.0,2.577777777777778,154.66666666666666,43.54525862068966,42.54525862068966,GOOGLE ADS
2023-01-23 00:00:00,Institucional,Empréstimo,COLD,1590,350,379.0,,3,20205.0,0.22012578616352202,1.0,1.082857142857143,126.33333333333333,53.31134564643799,52.31134564643799,GOOGLE ADS
2023-02-14 00:00:00,Conversão-Youtube,Empréstimo,COLD,19650,250,769.3000000000001,,3,18180.0,0.01272264631043257,1.0,3.0772000000000004,256.43333333333334,23.63187313141817,22.63187313141817,GOOGLE ADS
2023-02-20 00:00:00,Conversão-Youtube,Empréstimo,COLD,24580,260,723.8,,3,18180.0,0.010577705451586655,1.0,2.7838461538461536,241.26666666666665,25.11743575573363,24.11743575573363,GOOGLE ADS
2023-02-21 00:00:00,Conversão-Youtube,Empréstimo,COLD,22840,220,732.5,,3,22455.0,0.009632224168126095,1.0,3.3295454545454546,244.16666666666666,30.655290102389078,29.655290102389078,GOOGLE ADS
2022-10-06 00:00:00,Institucional,Empréstimo,COLD,1630,210,360.09999999999997,,3,14955.0,0.12883435582822086,1.0,1.7147619047619047,120.03333333333332,41.5301305193002,40.530130519300194,GOOGLE ADS
2022-10-07 00:00:00,Institucional,Empréstimo,COLD,1410,310,465.79999999999995,,3,45000.0,0.2198581560283688,1.0,1.5025806451612902,155.26666666666665,96.60798626019752,95.6079862601975,GOOGLE ADS
2022-10-13 00:00:00,Institucional,Empréstimo,COLD,1250,260,414.4,,3,45000.0,0.208,1.0,1.5938461538461537,138.13333333333333,108.59073359073359,107.59073359073359,GOOGLE ADS
2022-11-22 00:00:00,Remarketing,Empréstimo,HOT,20860,230,190.3,,3,18180.0,0.01102588686481304,1.0,0.8273913043478262,63.43333333333334,95.5333683657383,94.53336836573831,GOOGLE ADS
2022-11-22 00:00:00,CONVERSAO,Empréstimo,COLD,56790,310,1586.8000000000002,0.0,3,54569.25,0.005458707518929389,0.00967741935483871,5.118709677419355,528.9333333333334,34.38949458028737,33.38949458028736,METAADS
2022-11-30 00:00:00,CONVERSAO,Empréstimo,HOT,4580,30,352.40000000000003,0.0,3,54569.25,0.006550218340611353,0.1,11.746666666666668,117.46666666666668,154.85031214528942,153.85031214528942,METAADS
2022-11-30 00:00:00,CONVERSAO,Empréstimo,COLD,72550,340,1938.1,0.0,3,54569.25,0.004686423156443832,0.008823529411764706,5.700294117647059,646.0333333333333,28.156054899128012,27.156054899128016,METAADS
2023-01-05 00:00:00,Conversão-Youtube,Empréstimo,COLD,21040,190,559.9,,3,20205.0,0.00903041825095057,1.0,2.946842105263158,186.63333333333333,36.08680121450259,35.086801214502586,GOOGLE ADS
2023-01-12 00:00:00,Conversão,Empréstimo,COLD,4760,230,733.7,,3,20205.0,0.04831932773109244,1.0,3.1900000000000004,244.5666666666667,27.53850347553496,26.538503475534956,GOOGLE ADS
2023-01-19 00:00:00,Conversão-Youtube,Empréstimo,COLD,10550,180,464.0,,3,20205.0,0.017061611374407582,1.0,2.577777777777778,154.66666666666666,43.54525862068966,42.54525862068966,GOOGLE ADS
2023-01-23 00:00:00,Institucional,Empréstimo,COLD,1590,350,379.0,,3,20205.0,0.22012578616352202,1.0,1.082857142857143,126.33333333333333,53.31134564643799,52.31134564643799,GOOGLE ADS
2023-02-14 00:00:00,Conversão-Youtube,Empréstimo,COLD,19650,250,769.3000000000001,,3,18180.0,0.01272264631043257,1.0,3.0772000000000004,256.43333333333334,23.63187313141817,22.63187313141817,GOOGLE ADS
2023-02-20 00:00:00,Conversão-Youtube,Empréstimo,COLD,24580,260,723.8,,3,18180.0,0.010577705451586655,1.0,2.7838461538461536,241.26666666666665,25.11743575573363,24.11743575573363,GOOGLE ADS
2023-02-21 00:00:00,Conversão-Youtube,Empréstimo,COLD,22840,220,732.5,,3,22455.0,0.009632224168126095,1.0,3.3295454545454546,244.16666666666666,30.655290102389078,29.655290102389078,GOOGLE ADS
2022-10-06 00:00:00,Institucional,Empréstimo,COLD,1630,210,360.09999999999997,,3,14955.0,0.12883435582822086,1.0,1.7147619047619047,120.03333333333332,41.5301305193002,40.530130519300194,GOOGLE ADS
2022-10-07 00:00:00,Institucional,Empréstimo,COLD,1410,310,465.79999999999995,,3,45000.0,0.2198581560283688,1.0,1.5025806451612902,155.26666666666665,96.60798626019752,95.6079862601975,GOOGLE ADS
2022-10-13 00:00:00,Institucional,Empréstimo,COLD,1250,260,414.4,,3,45000.0,0.208,1.0,1.5938461538461537,138.13333333333333,108.59073359073359,107.59073359073359,GOOGLE ADS
2022-11-22 00:00:00,Remarketing,Empréstimo,HOT,20860,230,190.3,,3,18180.0,0.01102588686481304,1.0,0.8273913043478262,63.43333333333334,95.5333683657383,94.53336836573831,GOOGLE ADS
2022-11-22 00:00:00,CONVERSAO,Empréstimo,COLD,56790,310,1586.8000000000002,0.0,3,54569.25,0.005458707518929389,0.00967741935483871,5.118709677419355,528.9333333333334,34.38949458028737,33.38949458028736,METAADS
2022-11-30 00:00:00,CONVERSAO,Empréstimo,HOT,4580,30,352.40000000000003,0.0,3,54569.25,0.006550218340611353,0.1,11.746666666666668,117.46666666666668,154.85031214528942,153.85031214528942,METAADS
2022-11-30 00:00:00,CONVERSAO,Empréstimo,COLD,72550,340,1938.1,0.0,3,54569.25,0.004686423156443832,0.008823529411764706,5.700294117647059,646.0333333333333,28.156054899128012,27.156054899128016,METAADS
2023-01-05 00:00:00,Conversão-Youtube,Empréstimo,COLD,21040,190,559.9,,3,20205.0,0.00903041825095057,1.0,2.946842105263158,186.63333333333333,36.08680121450259,35.086801214502586,GOOGLE ADS
2023-01-12 00:00:00,Conversão,Empréstimo,COLD,4760,230,733.7,,3,20205.0,0.04831932773109244,1.0,3.1900000000000004,244.5666666666667,27.53850347553496,26.538503475534956,GOOGLE ADS
2023-01-19 00:00:00,Conversão-Youtube,Empréstimo,COLD,10550,180,464.0,,3,20205.0,0.017061611374407582,1.0,2.577777777777778,154.66666666666666,43.54525862068966,42.54525862068966,GOOGLE ADS
2023-01-23 00:00:00,Institucional,Empréstimo,COLD,1590,350,379.0,,3,20205.0,0.22012578616352202,1.0,1.082857142857143,126.33333333333333,53.31134564643799,52.31134564643799,GOOGLE ADS
2023-02-14 00:00:00,Conversão-Youtube,Empréstimo,COLD,19650,250,769.3000000000001,,3,18180.0,0.01272264631043257,1.0,3.0772000000000004,256.43333333333334,23.63187313141817,22.63187313141817,GOOGLE ADS
2023-02-20 00:00:00,Conversão-Youtube,Empréstimo,COLD,24580,260,723.8,,3,18180.0,0.010577705451586655,1.0,2.7838461538461536,241.26666666666665,25.11743575573363,24.11743575573363,GOOGLE ADS
2023-02-21 00:00:00,Conversão-Youtube,Empréstimo,COLD,22840,220,732.5,,3,22455.0,0.009632224168126095,1.0,3.3295454545454546,244.16666666666666,30.655290102389078,29.655290102389078,GOOGLE ADS
2022-09-11 00:00:00,Remarketing,Empréstimo,HOT,23080,340,212.89999999999998,,4,29910.0,0.014731369150779897,1.0,0.6261764705882352,53.224999999999994,140.4884922498826,139.48849224988257,GOOGLE ADS
2022-10-06 00:00:00,CONVERSAO,Empréstimo,HOT,116320,800,2711.8,0.0,4,53838.0,0.0068775790921595595,0.005,3.3897500000000003,677.95,19.853234014307837,18.853234014307837,METAADS
2022-11-28 00:00:00,CONVERSAO,Empréstimo,HOT,13190,100,1065.8,0.0,4,70938.45,0.0075815011372251705,0.04,10.658,266.45,66.5588759617189,65.5588759617189,METAADS
2022-11-30 00:00:00,REMARKETING,Empréstimo,COLD,22590,130,934.0999999999999,0.0,4,70939.2,0.005754758742806552,0.03076923076923077,7.185384615384614,233.52499999999998,75.94390322235307,74.94390322235307,METAADS
2022-11-30 00:00:00,CONVERSAO,Empréstimo,COLD,41880,400,1170.4,0.0,4,72759.0,0.009551098376313277,0.01,2.926,292.6,62.16592617908407,61.165926179084074,METAADS
2023-01-10 00:00:00,Conversão,Empréstimo,COLD,3390,270,897.5,,4,20205.0,0.07964601769911504,1.0,3.324074074074074,224.375,22.512534818941504,21.512534818941504,GOOGLE ADS
2023-01-25 00:00:00,Conversão-Youtube,Empréstimo,COLD,11260,60,599.4,,4,20205.0,0.0053285968028419185,1.0,9.99,149.85,33.70870870870871,32.708708708708706,GOOGLE ADS
2023-01-26 00:00:00,CONVERSAO,Empréstimo,HOT,15510,110,1028.4,0.0,4,80868.0,0.0070921985815602835,0.03636363636363636,9.34909090909091,257.1,78.63477246207701,77.63477246207701,METAADS
2023-02-13 00:00:00,Conversão-Youtube,Empréstimo,COLD,20700,220,767.3000000000001,,4,14955.0,0.010628019323671498,1.0,3.4877272727272732,191.82500000000002,19.490420956601067,18.490420956601067,GOOGLE ADS
2022-09-11 00:00:00,Remarketing,Empréstimo,HOT,23080,340,212.89999999999998,,4,29910.0,0.014731369150779897,1.0,0.6261764705882352,53.224999999999994,140.4884922498826,139.48849224988257,GOOGLE ADS
2022-10-06 00:00:00,CONVERSAO,Empréstimo,HOT,116320,800,2711.8,0.0,4,53838.0,0.0068775790921595595,0.005,3.3897500000000003,677.95,19.853234014307837,18.853234014307837,METAADS
2022-11-28 00:00:00,CONVERSAO,Empréstimo,HOT,13190,100,1065.8,0.0,4,70938.45,0.0075815011372251705,0.04,10.658,266.45,66.5588759617189,65.5588759617189,METAADS
2022-11-30 00:00:00,REMARKETING,Empréstimo,COLD,22590,130,934.0999999999999,0.0,4,70939.2,0.005754758742806552,0.03076923076923077,7.185384615384614,233.52499999999998,75.94390322235307,74.94390322235307,METAADS
2022-11-30 00:00:00,CONVERSAO,Empréstimo,COLD,41880,400,1170.4,0.0,4,72759.0,0.009551098376313277,0.01,2.926,292.6,62.16592617908407,61.165926179084074,METAADS
2023-01-10 00:00:00,Conversão,Empréstimo,COLD,3390,270,897.5,,4,20205.0,0.07964601769911504,1.0,3.324074074074074,224.375,22.512534818941504,21.512534818941504,GOOGLE ADS
2023-01-25 00:00:00,Conversão-Youtube,Empréstimo,COLD,11260,60,599.4,,4,20205.0,0.0053285968028419185,1.0,9.99,149.85,33.70870870870871,32.708708708708706,GOOGLE ADS
2023-01-26 00:00:00,CONVERSAO,Empréstimo,HOT,15510,110,1028.4,0.0,4,80868.0,0.0070921985815602835,0.03636363636363636,9.34909090909091,257.1,78.63477246207701,77.63477246207701,METAADS
2023-02-13 00:00:00,Conversão-Youtube,Empréstimo,COLD,20700,220,767.3000000000001,,4,14955.0,0.010628019323671498,1.0,3.4877272727272732,191.82500000000002,19.490420956601067,18.490420956601067,GOOGLE ADS
2022-09-11 00:00:00,Remarketing,Empréstimo,HOT,23080,340,212.89999999999998,,4,29910.0,0.014731369150779897,1.0,0.6261764705882352,53.224999999999994,140.4884922498826,139.48849224988257,GOOGLE ADS
2022-10-06 00:00:00,CONVERSAO,Empréstimo,HOT,116320,800,2711.8,0.0,4,53838.0,0.0068775790921595595,0.005,3.3897500000000003,677.95,19.853234014307837,18.853234014307837,METAADS
2022-11-28 00:00:00,CONVERSAO,Empréstimo,HOT,13190,100,1065.8,0.0,4,70938.45,0.0075815011372251705,0.04,10.658,266.45,66.5588759617189,65.5588759617189,METAADS
2022-11-30 00:00:00,REMARKETING,Empréstimo,COLD,22590,130,934.0999999999999,0.0,4,70939.2,0.005754758742806552,0.03076923076923077,7.185384615384614,233.52499999999998,75.94390322235307,74.94390322235307,METAADS
2022-11-30 00:00:00,CONVERSAO,Empréstimo,COLD,41880,400,1170.4,0.0,4,72759.0,0.009551098376313277,0.01,2.926,292.6,62.16592617908407,61.165926179084074,METAADS
2023-01-10 00:00:00,Conversão,Empréstimo,COLD,3390,270,897.5,,4,20205.0,0.07964601769911504,1.0,3.324074074074074,224.375,22.512534818941504,21.512534818941504,GOOGLE ADS
2023-01-25 00:00:00,Conversão-Youtube,Empréstimo,COLD,11260,60,599.4,,4,20205.0,0.0053285968028419185,1.0,9.99,149.85,33.70870870870871,32.708708708708706,GOOGLE ADS
2023-01-26 00:00:00,CONVERSAO,Empréstimo,HOT,15510,110,1028.4,0.0,4,80868.0,0.0070921985815602835,0.03636363636363636,9.34909090909091,257.1,78.63477246207701,77.63477246207701,METAADS
2023-02-13 00:00:00,Conversão-Youtube,Empréstimo,COLD,20700,220,767.3000000000001,,4,14955.0,0.010628019323671498,1.0,3.4877272727272732,191.82500000000002,19.490420956601067,18.490420956601067,GOOGLE ADS
2022-09-11 00:00:00,Remarketing,Empréstimo,HOT,23080,340,212.89999999999998,,4,29910.0,0.014731369150779897,1.0,0.6261764705882352,53.224999999999994,140.4884922498826,139.48849224988257,GOOGLE ADS
2022-10-06 00:00:00,CONVERSAO,Empréstimo,HOT,116320,800,2711.8,0.0,4,53838.0,0.0068775790921595595,0.005,3.3897500000000003,677.95,19.853234014307837,18.853234014307837,METAADS
2022-11-28 00:00:00,CONVERSAO,Empréstimo,HOT,13190,100,1065.8,0.0,4,70938.45,0.0075815011372251705,0.04,10.658,266.45,66.5588759617189,65.5588759617189,METAADS
2022-11-30 00:00:00,REMARKETING,Empréstimo,COLD,22590,130,934.0999999999999,0.0,4,70939.2,0.005754758742806552,0.03076923076923077,7.185384615384614,233.52499999999998,75.94390322235307,74.94390322235307,METAADS
2022-11-30 00:00:00,CONVERSAO,Empréstimo,COLD,41880,400,1170.4,0.0,4,72759.0,0.009551098376313277,0.01,2.926,292.6,62.16592617908407,61.165926179084074,METAADS
2023-01-10 00:00:00,Conversão,Empréstimo,COLD,3390,270,897.5,,4,20205.0,0.07964601769911504,1.0,3.324074074074074,224.375,22.512534818941504,21.512534818941504,GOOGLE ADS
2023-01-25 00:00:00,Conversão-Youtube,Empréstimo,COLD,11260,60,599.4,,4,20205.0,0.0053285968028419185,1.0,9.99,149.85,33.70870870870871,32.708708708708706,GOOGLE ADS
2023-01-26 00:00:00,CONVERSAO,Empréstimo,HOT,15510,110,1028.4,0.0,4,80868.0,0.0070921985815602835,0.03636363636363636,9.34909090909091,257.1,78.63477246207701,77.63477246207701,METAADS
2023-02-13 00:00:00,Conversão-Youtube,Empréstimo,COLD,20700,220,767.3000000000001,,4,14955.0,0.010628019323671498,1.0,3.4877272727272732,191.82500000000002,19.490420956601067,18.490420956601067,GOOGLE ADS
2022-11-30 00:00:00,Institucional,Empréstimo,COLD,1440,400,516.8,,10,135000.0,0.2777777777777778,1.0,1.2919999999999998,51.67999999999999,261.2229102167183,260.22291021671833,GOOGLE ADS
2022-11-30 00:00:00,CONVERSAO,Empréstimo,COLD,21360,110,707.0999999999999,0.0,7,125508.45,0.005149812734082397,0.06363636363636363,6.428181818181818,101.0142857142857,177.49745439117524,176.49745439117524,METAADS
2022-11-30 00:00:00,CONVERSAO,Empréstimo,HOT,12230,80,954.7,0.0,6,109138.5,0.006541291905151268,0.075,11.93375,159.11666666666667,114.31706295171257,113.31706295171257,METAADS
2022-11-30 00:00:00,Institucional,Empréstimo,COLD,1440,400,516.8,,10,135000.0,0.2777777777777778,1.0,1.2919999999999998,51.67999999999999,261.2229102167183,260.22291021671833,GOOGLE ADS
2022-11-30 00:00:00,CONVERSAO,Empréstimo,COLD,21360,110,707.0999999999999,0.0,7,125508.45,0.005149812734082397,0.06363636363636363,6.428181818181818,101.0142857142857,177.49745439117524,176.49745439117524,METAADS
2022-11-30 00:00:00,CONVERSAO,Empréstimo,HOT,12230,80,954.7,0.0,6,109138.5,0.006541291905151268,0.075,11.93375,159.11666666666667,114.31706295171257,113.31706295171257,METAADS
2022-11-30 00:00:00,Institucional,Empréstimo,COLD,1440,400,516.8,,10,135000.0,0.2777777777777778,1.0,1.2919999999999998,51.67999999999999,261.2229102167183,260.22291021671833,GOOGLE ADS
2022-11-30 00:00:00,CONVERSAO,Empréstimo,COLD,21360,110,707.0999999999999,0.0,7,125508.45,0.005149812734082397,0.06363636363636363,6.428181818181818,101.0142857142857,177.49745439117524,176.49745439117524,METAADS
2022-11-30 00:00:00,CONVERSAO,Empréstimo,HOT,12230,80,954.7,0.0,6,109138.5,0.006541291905151268,0.075,11.93375,159.11666666666667,114.31706295171257,113.31706295171257,METAADS
2022-11-30 00:00:00,Institucional,Empréstimo,COLD,1440,400,516.8,,10,135000.0,0.2777777777777778,1.0,1.2919999999999998,51.67999999999999,261.2229102167183,260.22291021671833,GOOGLE ADS
2022-11-30 00:00:00,CONVERSAO,Empréstimo,COLD,21360,110,707.0999999999999,0.0,7,125508.45,0.005149812734082397,0.06363636363636363,6.428181818181818,101.0142857142857,177.49745439117524,176.49745439117524,METAADS
2022-11-30 00:00:00,CONVERSAO,Empréstimo,HOT,12230,80,954.7,0.0,6,109138.5,0.006541291905151268,0.075,11.93375,159.11666666666667,114.31706295171257,113.31706295171257,METAADS
2022-11-30 00:00:00,Institucional,Empréstimo,COLD,1440,400,516.8,,10,135000.0,0.2777777777777778,1.0,1.2919999999999998,51.67999999999999,261.2229102167183,260.22291021671833,GOOGLE ADS
2022-11-30 00:00:00,CONVERSAO,Empréstimo,COLD,21360,110,707.0999999999999,0.0,7,125508.45,0.005149812734082397,0.06363636363636363,6.428181818181818,101.0142857142857,177.49745439117524,176.49745439117524,METAADS
2022-11-30 00:00:00,CONVERSAO,Empréstimo,HOT,12230,80,954.7,0.0,6,109138.5,0.006541291905151268,0.075,11.93375,159.11666666666667,114.31706295171257,113.31706295171257,METAADS
2022-11-30 00:00:00,Institucional,Empréstimo,COLD,1440,400,516.8,,10,135000.0,0.2777777777777778,1.0,1.2919999999999998,51.67999999999999,261.2229102167183,260.22291021671833,GOOGLE ADS
2022-11-30 00:00:00,CONVERSAO,Empréstimo,COLD,21360,110,707.0999999999999,0.0,7,125508.45,0.005149812734082397,0.06363636363636363,6.428181818181818,101.0142857142857,177.49745439117524,176.49745439117524,METAADS
2022-11-30 00:00:00,CONVERSAO,Empréstimo,HOT,12230,80,954.7,0.0,6,109138.5,0.006541291905151268,0.075,11.93375,159.11666666666667,114.31706295171257,113.31706295171257,METAADS
2022-11-30 00:00:00,Institucional,Empréstimo,COLD,1440,400,516.8,,10,135000.0,0.2777777777777778,1.0,1.2919999999999998,51.67999999999999,261.2229102167183,260.22291021671833,GOOGLE ADS
2022-11-30 00:00:00,CONVERSAO,Empréstimo,COLD,21360,110,707.0999999999999,0.0,7,125508.45,0.005149812734082397,0.06363636363636363,6.428181818181818,101.0142857142857,177.49745439117524,176.49745439117524,METAADS
2022-11-30 00:00:00,Institucional,Empréstimo,COLD,1440,400,516.8,,10,135000.0,0.2777777777777778,1.0,1.2919999999999998,51.67999999999999,261.2229102167183,260.22291021671833,GOOGLE ADS
2022-11-30 00:00:00,Institucional,Empréstimo,COLD,1440,400,516.8,,10,135000.0,0.2777777777777778,1.0,1.2919999999999998,51.67999999999999,261.2229102167183,260.22291021671833,GOOGLE ADS
2022-11-30 00:00:00,Institucional,Empréstimo,COLD,1440,400,516.8,,10,135000.0,0.2777777777777778,1.0,1.2919999999999998,51.67999999999999,261.2229102167183,260.22291021671833,GOOGLE ADS
